,rootx,rooty,neck,left,right
sketch9,256,160,0.38627553,0.26850446,0.34522002
sketch41,256,182.221,0.38005227,0.28282727,0.33712045
sketch27,249.778,174.222,0.46801515,0.25226107,0.27972378
sketch31,252.648,217.74,0.33959459,0.29738919,0.36301622
sketch33,255.111,226.667,,,
sketch46,252.086,218.204,,,
sketch50,256.889,210.667,,,
sketch65,255.111,207.111,,,
